000683965	*	unk	unk	014767574	|||	eng					[[The Chichester Guide: containing, an account of the antient and present state of the City of Chichester and its neighbourhood, etc.] [By Alexander Hay.]] [electronic resource]	[Another edition.]	Chichester : J. Seagrave, [1800?]			HAY, Alexander, Rev.		lsidyv3c2ee23d
000786424	*	en	en	014767601	|||	spa			CORKRAN, Alice.		The Poets' Corner, or Haunts and homes of the poets ... Illustrated by Allan Barraud, etc. [electronic resource]		London; E. P. Dutton & Co. New York; Nuremberg printed : Ernest Nister, [1892].			BARRAUD, Allan.		lsidyv3c470569
002515397	*	it	it	014767998	|||	eng			MODIGLIANI, Elio.		Corrispondenza. Lettera da Sumatra, etc. (Estratto del Giornale della Società di Letture, etc.). [electronic resource]		Firenze, 1887.					lsidyv3c314dca
002515398	*	it	it	014767999	|||	eng			MODIGLIANI, Elio.		Il Cota Ragia e l'isola di Nias. Lettera, etc. (Estratto dal Bollettino della Società Geografica Italiana.). [electronic resource]		Firenze, [1887]					lsidyv3c30ed52
002515399	*	it	it	014768000	|||	eng			MODIGLIANI, Elio.		Escurzione nell'isola Nias, a ovest di Sumatra. Lettera, etc. (Estratto dal Bollettino della Società Geografica Italiana.). [electronic resource]		[1886]					lsidyv3c303c51
002515400	*	it	it	014768001	|||	eng			MODIGLIANI, Elio.		Escurzione nell'isola Nias. Lettera, etc. (Estratto dal Bollettino della Società Geografica Italiana.). [electronic resource]		Firenze, [1887]					lsidyv3c309f91
003892104	*	nl	nl	014768275	|||	eng			WESENHAGEN, A. C.		Enkele beschouwingen gewijd aan de belangen der Kolonie Suriname. [electronic resource]		Rotterdam, 1886.					lsidyv3c2ffb3e
000880349	*	en	en	014774045	|||	spa			DAVIS, Richard Harding.		Our English Cousins ... Illustrated. [electronic resource]		New York : Harper & Bros., 1894.					lsidyv3c4712b6
003068273	*	en	en	014774189	|||	fre			REINHARDT, Artist.		A collection of Swiss Costumes, in miniature, designed by Reinhardt ... To which is added a description in French and English. (Collection de Costumes Suisses, etc.). [electronic resource]		London, 1822.					lsidyv3c13f31d
000868861	*	en	en	014784771	|||	ita			DASSI, Giuseppe F.		[Notes on Sueis and its Trade with the Ports of the Red Sea. With tables of exports and imports, etc. for the first 6 month [sic] of 1859.] [electronic resource]	[Another edition.]	Naples, 1860.					lsidyv3c4f9a49
000626445	*	de	de	014796224	|||	eng			CASSEL, Selig, afterwards Paulus Stephanus.		Cypern. Eine Abhandlung. [electronic resource]		Berlin, 1879.					lsidyv3c70a81a
000061724	*	nl	nl	014803910	|||	eng			ALPHEN, Daniel Frans van.		Reisverhalen en indrukken uit Ierland, 't noorden van Wallis enz. Een dagboek, etc. [electronic resource]		'sGravenhage, 1869.					lsidyv3c3c9c2b
000143044	*	fr	fr	014804316	|||	eng			AULDJO, John.		[Sketches of Vesuvius.] Vues de Vésuve avec un précis de ses éruptions principales, depuis le commencement de l'ère chrétienne jusqu'à nos jours. [With engraved plates, including a map.] [electronic resource]		Naples, 1832.					lsidyv3bc9a4bc
000196839	*	ca	ca	014804602	|||	spa				Arxiu Municipal Históric (BARCELONA)	Colecció de documents histórichs inédits del Arxiu municipal de la ciutat de Barcelona. vol. 1-17. [electronic resource]		Barcelona, 1892-1922.			CARRERAS Y CANDI, Francisco.		lsidyv3616d52d -- lsidyv3ceadc2d -- lsidyv3609124a -- lsidyv364dd8bc
000286981	*	en	en	014805121	|||	ger			Berkeley, Grantley F. (Grantley Fitzhardinge), 1800-1881.		A Month in the Forests of France. [With illustrations by John Leech.] [electronic resource]		London : Longman & Co., 1857.			LEECH, John, Artist.		lsidyv3c34258b
000735816	*	unk	unk	014807568	|||	eng			Coffin, Charles Carleton, 1823-1896.		[Our New Way round the World. Fully illustrated.]. [electronic resource]		London : Sampson Low & Co., 1869.					lsidyv3ba0f5a0
000850586	*	cy	cy	014808541	|||	eng					Hanes Morganwg. [With plates, including a portrait and a map.] [electronic resource]		Aberdar : Jenkin Howell, 1874.					lsidyv3c385e7b
000858023	*	unk	unk	014808596	|||	eng			DANA, James Dwight.		[Manual of Geology: treating of the principles of the science with special reference to American geological history ... Revised edition.]. [electronic resource]	Fourth edition.	New York : American Book Co., [1895]					lsidyv3e6181f0
000877905	*	cy	cy	014808757	|||	eng			DAVIES, William James.		Hanes plwyf Llandyssul. [With a portrait.] [electronic resource]		Llandyssul : J. D. Lewis, 1896.					lsidyv2b3746dc
000878163	*	fr	fr	014808760	|||	eng			DAVIN, Albert.		50,000 milles dans l'océan Pacifique ... Ouvrage illustré de dix phototypies d'après les dessins de l'auteur. [electronic resource]		Paris, [1886]					lsidyv3c882947
001181246	*	en	en	014808844	|||	ger			Dayes, Edward, 1763-1804.		A Picturesque Tour through the Principal Parts of Yorkshire and Derbyshire ... With illustrative notes by Edward Wedlake Brayley ... Second edition. [With plates, including a portrait.] [electronic resource]		London : John Nichols & Son, 1825.			BRAYLEY, Edward Wedlake.		lsidyv38f6d859
000929853	*	el	el	014809060	|||	eng					Δικαιαρχου ... Ἀναγραφη και Βιος Ἑλλαδος. Ἀννωνος περιπλους Λιβυης. Νικηφορου του Βλεμμιδου Γεωγραφια συνοπτικη. Του αὐτου ἱστορια περι της γης ἐν συνοψει. Cum Lucae Holstenii lucubrationibus ad priora duo opuscula. Accesserunt ad coeteros geographiae auctores Holstenii item notulae non antea editae. Haec omnia cura ac studio Gulielmi Manzi. [electronic resource]		Romæ, 1819.			Holstenius, Lucas, 1596-1661. -- MANZI, Guglielmo.		lsidyv3907cc88
000931504	*	de	de	014809100	gw 	eng			Dickens, Charles, 1812-1870		The Cricket on the Hearth ... Für die oberen Klassen höherer Schulanstalten und den Selbstunterricht bearbeitet und erläutert von H. A. Werner. Eng. [electronic resource]		Hamburg : Otto Meissner, 1872			WERNER, H. A.		lsidyv32ce32aa
001004241	*	fr	fr	014809561	|||	eng			DUMONT, P.		Monte-Carlo. Le Prince rouge et noir (Albert Honoré Charles, Prince de Monaco) et sa cour. Nouvelle édition. [electronic resource]		Paris, [1892]					lsidyv3c031171
001109407	*	en	en	014810104	|||	ger					[Catalogue of the published Maps, Sections, Memoirs, and other publications of the Geological Survey ... up to October, 1867.] [electronic resource]	[Another edition.] Up to July 1st, 1870.	London : Stationery Office, 1870.		Geological Survey of the United Kingdom.			lsidyv30694ba3
001190358	*	de	de	014810305	|||	fre			FABRICIUS, Wilhelm, of Strasburg.		Theophanes von Mytilene und Quintus Dellius als Quellen der Geographie des Strabon. Inaugural-Dissertation zur Erlangung der philosophischen Doktorwürde, etc. [electronic resource]		Strassburg, 1888.		Strabo.	DELLIUS, Quintus. -- THEOPHANES, Cneius Pompeius, of Mytilene.		lsidyv3cb2f228
001577126	*	de	de	014812584	|||	eng				Norddeutsche Seewarte (HAMBURG)	Segelhandbuch der französischen Westküste. Herausgegeben von der Direktion. [electronic resource]		Hamburg, 1894.					lsidyv390d9311
001685834	*	de	de	014813343	|||	eng			Hillebrand, Karl, 1829-1884.		Italia. [A collection of essays by various authors on the history, literature, politics, industry, etc. of Italy.]. Herausgegeben von K. H. [electronic resource]		Leipzig, [1874-77]					lsidyv3bf05ed3
001760188	*	unk	unk	014813917	|||	eng			Hughes, T. S. (Thomas Smart), 1786-1847.		[Travels in Sicily, Greece, and Albania] [electronic resource].	[Another edition.] Travels in Greece and Albania. Second edition. With ... additions.	London, 1830.					lsidyv3bbb5225 -- lsidyv3bba9ad2
001893413	*	cy	cy	014814706	|||	eng			JONES, Daniel E., of Llandyssul.		Hanes plwyfi Llangeler a Phenboyr; traethawd buddugol yn Eisteddfod Drefach-a-Felindre, Awst 18, 1897, etc. [electronic resource]		Llandyssul : J. D. Lewis, 1899.					lsidyv2b37a5ec
002294150	*	en	en	014817679	|||	ger			LYNCH, William F., Lieut. United States Navy.		[Narrative of the United States' Expedition to the River Jordan and the Dead Sea.] [electronic resource]	Second edition, revised.	London : R. Bentley, 1850.					lsidyv3cc86340
002708352	*	en	en	014819170	|||	fre			Miller, Hugh, 1802-1856.		Edinburgh and its neighbourhood, geologial and historical. With the geology of the Bass Rock. [Edited by Mrs. Miller.] [electronic resource]		Edinburgh, 1864.					lsidyv2b5ac324
003996026	*	en	en	014824940	|||	ita			YATES, William Holt.		The modern History and Condition of Egypt, its climate, diseases, and capabilities, etc., exhibited in a personal narrative of travels in that country. [electronic resource]		London, 1843.					lsidyv3bd6ca47 -- lsidyv313f96fd
002556066	*	cy	cy	014825979	|||	eng			MORRIS, Robert Prys.		Cantref Meirionydd: ei chwedlau, ei hynafiaethau, a'i hanes. [electronic resource]		Dolgellau : E. W. Evans, 1890.					lsidyv2b376326
002815953	*	cy	cy	014827211	|||	eng			Pennant, Thomas, 1726-1798.		Teithiau yn Nghymru; ref, Cyfieithiad o'r “Tours in Wales” ... Ynghyda chyfieithiad o'r nodiadau a'r rhagymadrodd, yn yr argraffiad Seisoneg diweddaf. Gan ... John Rhys ... Hefyd, nodiadau, hanes bywyd yr awdwr, a rhagarweiniad i hanes y llwythau gan W. Trevor Parkins. [With plates, including a portrait.] [electronic resource]		Caernarfon : H. Humphreys, [1883]			PARKINS, William Trevor. -- RHYS, John, Right Hon. Sir, Principal of Jesus College, Oxford.		lsidyv3c3880e7
003454121	*	es	es	014829914	|||	eng				SPAIN. Ministerio de Comercio, Instruccion y Obras Publicas. Comisión Especial de Faros.	Plan General para el Alumbrado Marítimo de las Costas y Puertos de España é islas adyacentes, propuesto por la Comision especial de Faros, etc. [With a map.] [electronic resource]		Madrid, 1847.					lsidyv3c51c635
003508737	*	en	en	014830234	|||	swe				Järnkontoret (STOCKHOLM)	[Supplementary plates and tables.] [electronic resource]		Stockholm, 1825-36.					lsidyv3cb7b0e4
003480813	*	en	en	014831602	|||	dut			WALLACE, William, Geologist.		The laws which regulate the disposition of Lead Ore in Veins; illustrated by an examination of the geological structure of the mining districts of Alston Moor. [With a map and plates.] [electronic resource]		London, 1861.					lsidyv306856f0
003903527	*	fr	fr	014831990	|||	eng					En Wherry. Trois semaines dans les Broads du Norfolk. ([By] Trois étoiles ***.) [By Maurice and Béatrice Borel.] Avec cinq héliogravures et une carte. [electronic resource]		Paris, 1892.			BOREL, Béatrice. -- BOREL, Maurice, and BOREL (Béatrice)		lsidyv3c12671d
000122281	*	fr	fr	014839268	|||	eng			ARRIANUS, Flavius.		Le Périple de la Mer Noire ... Traduction, étude historique et géographique, index et carte par Henry Chotard. [electronic resource]		Paris, 1860.			CHOTARD, Henry.		lsidyv35948719
000247936	*	da	da	014839358	|||	ger			BEDER, P.		Reiseerindringer fra et Besøg i Amerika. [electronic resource]		Kjøbenhavn, 1877.					lsidyv35825431
000384618	*	es	es	014839421	|||	fre			BOADA Y ROMEU, José.		Allende el Estrecho. Viajes por Marruecos. La campaña de Melilla. La embrajada del General Martinez Campos à Marrakeix. Impresiones y recuerdos, etc. [electronic resource]		Barcelona, 1895.					lsidyv3507bc90
000622454	*	pt	pt	014839570	|||	spa			CARVALHO E MENEZES, Joaquim Antonio de.		Memoria geografica e politica das possessões portuguezas n'Affrica occidental, que diz respeito aos reinos de Angola, Benguela, e suas dependencias: origem de sua decadencia ... e os meios que se devem applicar para o seu melhoramento, etc. [electronic resource]		Lisboa, 1834.					lsidyv35b58197
000659753	*	fr	fr	014839591	|||	eng			CHAPAUX, Albert.		Le Congo historique, diplomatique, physique, politique, économique, humanitaire et colonial. Ouvrage contenant une grande carte, etc. [electronic resource]		Bruxelles, 1894.					lsidyv358e201d -- lsidyv3d76cce2
000772783	*	de	de	014839670	|||	eng			Cook, James, 1728-1779.		The Life, Voyages und Discoveries of Captain James Cook. Englisches Lesebuch für deutsche Schulen, mit einem ... Wörter-Verzeichniss von Dr. H. Robolsky. [electronic resource]		Quedlinburg, 1864.			ROBOLSKY, Hermann.		lsidyv34f21acb
000984697	*	pl	pl	014839831	|||	eng			DROHOJOWSKI, Joźef.		[Pielgrzymka ... do Ziemi Świętey, Egiptu, niektórych wschodnich, i południowych kraiów. Odbyta w roku 1788-91.] [electronic resource]	[Another edition.]	w Wilnie, 1822-46.					lsidyv3504b052
001231846	*	pt	pt	014839986	|||	fre			Mourão, Joaquim Cesar de Figanière e.		Descripção de Serra Leôa e seus contornos; escripta em doze cartas. A qual se ajuntão os trabalhos da Commissão-mixta Portugueza e Ingleza estabelecida naquella colonia, etc. [electronic resource]		Lisboa, 1822.					lsidyv35b5a6d4
001311352	*	fr	fr	014840041	|||	eng			FRANKLAND, Charles Colville.		Narrative of a visit to the courts of Russia and Sweden, in 1830 and 1831, etc. (Observations sur la Géorgie et l'établissement formé par M. Mrs Castellaz et compagnie ... pour la filature ... des soies.). [electronic resource]		London, 1832.					lsidyv359ac582 -- lsidyv359a68ca
001448180	*	es	es	014840118	|||	ita			Goethe, Johann Wolfgang von, 1749-1832		Viaje á Italia ... Traducido ... por Fanny G. Garrido de Rodríguez Mourelo. [electronic resource]		Madrid, 1891.			GARRIDO DE RODRIGUEZ MOURELO, Fanny G.		lsidyv3598cfab
001743448	*	en	en	014840307	|||	fre			HOURST, Émile Auguste Léon.		French Enterprise in Africa: the personal narrative of Lieut. Hourst of his exploration of the Niger. Translated by Mrs. A. Bell ... With 190 illustrations and map. [electronic resource]		London : Chapman & Hall, 1898.			MEUGENS, afterwards BELL, Nancy R. E.		lsidyv35b81d72
001899524	*	cy	cy	014840427	|||	gle			JONES, William, Curate of Llanbeulan.		Traethawd gwobrwyol ar nodweddiad y Cymry fel cenedl, yn yr oes hon, etc. [electronic resource]		Llundain : Simpkin & Marshall, 1841.					lsidyv35531738
002091783	*	de	de	014840535	|||	eng			LAVERRENZ, C.		Zwei Wanderungen durch da nördliche Afrika. Aegypten-Algerien. [electronic resource]		Berlin, 1891.					lsidyv358ee248
002363116	*	en	en	014840685	|||	fre			MANDAT-GRANCEY, Edmond de, Baron.		En visite chez l'Oncle Sam. New-York et Chicago ... Dessins, etc. [electronic resource]		Paris, 1885.					lsidyv3580de21
002682293	*	en	en	014840873	|||	fre			NUËLITO, E.		Au Dahomey. Journal d'un officier de Spahis. [electronic resource]		Abbeville, 1897.					lsidyv35b84fff
002705694	*	fr	fr	014840886	|||	eng			OLIVIER, Aimé, Count de Sanderval.		Soudan français. Kahel. Carnet de voyage ... Avec 50 gravures dessinées par Fiorillo Fournier et 5 cartes. [electronic resource]		Paris, 1893.					lsidyv3559d8f1
003247238	*	es	es	014841173	|||	ita					Recuerdo del Centenario. Trabajos que han obtenido premio en el certamen literario abierto por el Gabinete instructivo de Santa Cruz de Tenerife para commemorar el primer centenario de la gloriosa victoria alcanzada por el puerto y plaza de Santa Cruz de Tenerife en el 25 de Julio de 1797. [electronic resource]		Santa Cruz de Tenerife, 1897.					lsidyv35076c22
003249899	*	it	it	014841175	|||	spa			SAPETO, Giuseppe.		Âssab e i suoi critici. (Con la carta della baia d'Âssab, e regioni adiacente.). [electronic resource]		Genova, 1879.					lsidyv355e5fc2
003345986	*	fr	fr	014841249	|||	eng			SEVIN DESPLACES, Louis.		Afrique et Africains. [electronic resource]		Paris, [1892]					lsidyv355adf25
003372548	*	bg	bg	014841263	|||	rus			SHOPOV, A. P.		Изъ живота и положението на Българитѣ въ вилаетитѣ.. [electronic resource]		Пловдивъ, 1893.					lsidyv35953f7c
003478860	*	da	da	014841327	|||	nno			Stanley, Henry M. (Henry Morton), 1841-1904.		I det mörkeste Afrika ... Oversat af ... C. Delgobe og B. Geelmuyden. Med ... Illustrationer, etc. [electronic resource]		Christiania, [1890]			DELGOBE, Charles Antoine. -- GEELMUYDEN, B.		lsidyv3d76e28d
003564394	*	en	en	014841384	|||	ger					Yacht-Reise in den Syrten. 1873. By Louis Salvator, Archduke of Austria. With illustrations by the author.] [electronic resource]		Prag, 1874.					lsidyv35064bef
003579756	*	uk	uk	014841391	|||	rus			TARASENKO OTRYESHKOV, Narkis Ivanovich.		Замѣтки въ поѣздку во Францію, С. Италію, Бельгію и Голландію.. [electronic resource]		Санктпетербургъ, 1871.					lsidyv359160ab
003957109	*	de	de	014841634	|||	fre			WISSMANN, Hermann Wilhelm Leopold Ludwig von.		Unter deutscher Flagge quer durch Afrika von West nach Ost. Von 1880 bis 1883 ausgeführt von P. Pogge und H. Wissmann ... Mit ... Abbildungen, etc. [electronic resource]		Berlin, 1889.			POGGE, Paul.		lsidyv35b667ee
000041886	*	fr	fr	014846773	|||	ita			ALBRAND, Fanny.		Relation de mon voyage en Italie, etc. [electronic resource]		Marseille, 1871.					lsidyv35e56602
000223237	*	nl	nl	014846851	|||	ger				Koninklijk Bataviaasch Genootschap van Kunsten en Wetenschappen (BATAVIA). Museum.	Catalogus der ethnologische verzameling van het Bataviaasch Genootschap van Kunsten en Wetenschappen. Door Mr. J. A. van der Chijs. Vierde druk, supplement. [electronic resource]		Batavia, 1894.			CHIJS, Jacob Anne van der.		lsidyv35d83a4e
000355246	*	fr	fr	014846900	|||	eng			BIRAT, Hercule.		Chant communiste: par un homme qui ne l'est guère. [electronic resource]		Narbonne, 1849.					lsidyv35c64e0a
000558105	*	it	it	014846983	|||	eng			Byron, George Gordon Byron, Baron, 1788-1824		Italia. Canto ... tradotto da A. Maffei. [electronic resource]		Firenze, 1872.			MAFFEI, Andrea.		lsidyv35c67452
000632605	*	it	it	014847022	|||	eng			Catalani, Luigi.		I Palazzi di Napoli. Ricerche. [electronic resource]		Napoli, 1845.					lsidyv35c9a122
000877543	*	cy	cy	014847128	|||	eng			DAVIES, Thomas, called Tegwyn.		Dinas Mawddwy a'i hamgylchoedd. Yn cynwys hanes-gwladol, cymdeithasol, crefyddol, hynafiaethol, a thraddodiadol, &c., &c. [electronic resource]		Machynlleth : Argraffwyd dros yr awdwr, 1893.					lsidyv35bc973b
000929268	*	es	es	014847151	|||	fre			DÍAZ Y RODRÍGUEZ, Manuel.		Sensaciones de viaje, etc. [electronic resource]		Paris, 1896.					lsidyv35d80aa7
001240677	*	de	de	014847240	|||	lat			FISCHER, Curt Theodor.		Untersuchungen auf dem Gebiet der alten Länder- und Völker-Kunde ... Hft. 1. De Hannonis Carthaginiensis periplo. [electronic resource]		Leipzig, 1893.					lsidyv35f9873c
002170116	*	es	es	014847579	|||	fre				Municipalidad (LIMA)	Memoria que presenta el Alcalde Municipal, D. M. Pardo, de los actos realizados por la municipalidad de 1862. [electronic resource]		Lima, 1863.					lsidyv35c18dbb
002453493	*	pt	pt	014847675	|||	spa			MELLO, Francisco de, Count de Ficalho.		Viagens de Pedro da Covilhan. [electronic resource]		Lisboa, 1898.			COVILHAN, Pedro da.		lsidyv35d8246c
002530614	*	fr	fr	014847712	|||	ita			Montaigne, Michel de, 1533-1592		Journal du voyage du [sic] M. de Montaigne en Italie par la Suisse e l'Allemagne en 1580 et 1581. Nouvelle édition avec des notes par le Prof. A. d'Ancona. (L'Italia alla fine del secolo XVI., etc.). [electronic resource]		Città di Castello, 1895.			ANCONA, Alessandro d'.		lsidyv35e36ddc
002567492	*	nl	nl	014847727	|||	eng			MOTZ, A. J. G. W. von.		Colorado uit een geographisch en huishoudkundig oogpunt beschouwd. Met Bijlage. [electronic resource]		Deventer, 1874.					lsidyv35f3e6f8
002631718	*	fr	fr	014847748	|||	eng					Notice sur la nouvelle-Calédonie et ses dépendances. [electronic resource]		Paris, 1866.					lsidyv35f3df96
002671220	*	de	de	014847762	|||	fre			NOROV, Avraam Sergyeevich.		Die Atlantis nach griechischen und arabischen Quellen ... Aus dem Russischen übersetzt. [electronic resource]		St. Petersburg, 1854.					lsidyv35df1dbc
002822766	*	es	es	014847826	|||	ita			PEREZ REOYO, Narciso.		Viaje á Egipto, Palestina y otros países del Oriente. [electronic resource]		Lugo, 1882, 83.					lsidyv35c76cbf -- lsidyv35c74173 -- lsidyv35c72c1a
002920738	*	pt	pt	014847850	|||	spa			PINHEIRO CORREIA DE MELO, Bernardo, Count de Arnoso.		Jornadas pelo mundo. I. Em caminho de Pekin. II. Em Pekin. [electronic resource]		Porto, 1895.					lsidyv35d83fa1
002931799	*	de	de	014847854	|||	ita			PLATNER, Ernst Zacharias, and UHRLICHS (Carl Ludwig)		Beschreibung Roms. Ein Auszug aus der Beschreibung der Stadt Rom ... Mit einem lithographirten Plane der Stadt. [electronic resource]		Stuttgart & Tübingen, 1845.			URLICHS, Carl Ludwig von.		lsidyv35e1e719
002978165	*	fr	fr	014847878	|||	spa				Statistická Komise (PRAGUE)	Rapport sur l'administration communale de la ville capitale de Prague et des communes-faubourgs de Karlín Smíchov, Vinohrady et Žižkov pour l'année 1895 ... par ... Joseph Erben, etc. [A table of contents for the Czech and German editions of the report.] [electronic resource]		Prague, 1898.					lsidyv35c182e1
003558237	*	it	it	014848107	|||	eng			Swinburne, Algernon Charles, 1837-1909		Siena. Traduzione di S. Menasci. (Estratto dal periodico Vita Nuova.). [electronic resource]		Firenze, 1890.			MENASCI, Salomone.		lsidyv35f4b5ff
003664689	*	fr	fr	014848148	|||	eng			TRAFFORD, François W. C.		Souvenir de l'Amphiorama, ou la vue du monde pendant son passage dans une comète. Tirage 1, 2. [electronic resource]		Zurich, 1880.					lsidyv35d3cc52
003827942	*	de	de	014848220	|||	eng			WAGNER, Hans Carl Hermann.		Die Kopien der Weltkarte des Museum Borgia, etc. (Nachrichten von der Königlichen Gesellschaft der Wissenschaften und der Georg-August-Universität zu Göttingen, 22. Juni. 1892.). [electronic resource]		[Göttingen], 1892.					lsidyv35d6e688 -- lsidyv35d6d0b5
003847876	*	nl	nl	014848232	|||	ita			WAP, Jan Jakobus Franciscus.		Mijne reis naar Rome in het voorjaar van 1837. [electronic resource]		Breda, 1838, 39.					lsidyv35e23ee3
000683966	*	unk	unk	014860244	|||	eng					[[The Chichester Guide: containing, an account of the antient and present state of the City of Chichester and its neighbourhood, etc.] [By Alexander Hay.]] [electronic resource]	A new edition.	Chichester : J. Seagrave, [1804?]			HAY, Alexander, Rev.		lsidyv36154ee2
001017055	*	fr	fr	014860368	|||	eng			DUSEVEL, Hyacinthe.		Souvenirs des Villes de Picardie ... Montreuil. (Boulogne.). [electronic resource]		Amiens, 1859-60.					lsidyv3616f440
001224073	*	fr	fr	014860395	|||	ita			FERRERO DELLA MARMORA, Giuseppe Alberto, Count.		Itinéraire de l'île de Sardaigne pour faire suite au voyage en cette contrée. [electronic resource]		Turin, 1860.					lsidyv36079e22 -- lsidyv36078ea8
001414322	*	en	en	014860440	|||	fre			GIBBONS, Phebe Earle.		French and Belgians. [electronic resource]		Philadelphia : J. B. Lippincott & Co., 1879.					lsidyv360b70f3
003045014	*	de	de	014860934	|||	eng			RATZEL, Friedrich.		Bibliothek geographischer Handbücher. Herausgegeben von ... F. Ratzel. [electronic resource]		Stuttgart, 1885-1901.					lsidyv364bd261 -- lsidyv364c94f1 -- lsidyv364c2a74 -- lsidyv364c1b79 -- lsidyv364c0690 -- lsidyv364c1150 -- lsidyv364c8543 -- lsidyv3604636f -- lsidyv364c50b0 -- lsidyv364c7284 -- lsidyv364ca86f -- lsidyv364c4296 -- lsidyv36160b4c -- lsidyv364c64ac
003577220	*	es	es	014861060	|||	fre			TANCO ARMERO, Nicolas.		Viaje de Nueva Granada á China y de China á Francia. Con una introduccion por P. M. Moure. [electronic resource]		Paris, 1861.			MOURE, Pedro Maria.		lsidyv3632af58
003688836	*	fr	fr	014861093	|||	eng				TUNISIA. Service topographique.	Rapport sur le fonctionnement du Service topographique du 21 avril 1886 au 30 juin 1893. [With maps.] [electronic resource]		Paris, 1894.					lsidyv36272bb8
002532857	*	pt	pt	014862075	|||	spa			MONTE PEREIRA, Gabriel Victor.		Documentos historicas da cidade de Evora. [electronic resource]		Evora, 1887, 91.					lsidyv36455080
003450965	*	af	af	014862372	|||	dut			SPAEN LA LECQ, Willem Anne van, Baron.		Oordeelkundige Inleiding tot de Historie van Gelderland, etc. [electronic resource]		Utrecht, 1801-05.					lsidyv36795c9f -- lsidyv36b7429c -- lsidyv3dceaff5 -- lsidyv36b713a9 -- lsidyv36b75fd3 -- lsidyv36796d55
000121252	*	es	es	014866317	|||	eng					Memoria sobre la inauguracion de los trabajos del camino de Aroa. [electronic resource]		Barquisimeto, 1875.					lsidyv36895bb6
000347543	*	de	de	014866408	|||	rus			BIELENSTEIN, August Johann Gottfried.		Die Grenzen des lettischen Volkasstammes und der lettischen Sprache in der Gegenwart und im 13. Jahrhundert, etc. [electronic resource]		St. Petersburg, 1892.					lsidyv36a7c988
000381312	*	de	de	014866426	|||	hun			BLUEMEL, Jacob.		Die Geschichte der Entwicklung der Wiener Vorstädte nach authentischen Quellen zusammengestellt. (Mit zahlreichen Illustrationen. II. Auflage.). [electronic resource]		Wien, 1884-86.					lsidyv3683ed7a -- lsidyv3683fd13
001347569	*	sk	sk	014866741	|||	cze			GABRIEL, J. A., J.V. Dr.		Hrad Kašperk, historicko-topografický nástín. [electronic resource]		V Praze, 1857.					lsidyv36a5cc68
001737626	*	de	de	014866957	|||	hun			HORNYÁNSKY, Victor.		Geographisches Lexikon des Königreichs Ungarn und der serbischen Woiwodschaft mit dem temescher Banate, etc. [electronic resource]		Pest, 1858.					lsidyv368114f2
001767860	*	de	de	014866978	|||	hun					Magyarország, Szerb-Vajdaság és a Temesi-Bánság helyközségeinek végleges birósági fölosztása ... Szerkeszté egy cs. kir. törvényszéki tanácsos. Endgiltige Eintheilung der Ortsgemeinden Ungarns, der serbischen Wojwodschaft und des Temeser Banates in Gerichtshöfe 1ter Instanz und Stuhl-resp. Bezirksgerichte, etc. (Erdély Nagyfejedelemség helyközségeinek végleges birósági fölosztása, etc. Endgiltige Eintheilung der Ortsgemeinden Grossfürstenthums Siebenbürgen ... Anhang zu der Gerichtseintheilung Ungarns.) Hung. and Ger. [electronic resource]		Pest, 1859.					lsidyv368c2177
001878502	*	de	de	014867018	|||	cze			JODL, Josef.		Topographisch-statistisches Orts-Lexikon des Konigreiches Böhmen. Mit historischen Anmerkungen, etc. [electronic resource]		Prag, [1894, etc.]					lsidyv36860396
002532176	*	fr	fr	014867293	|||	eng			MONTÉIL, Edgar.		Documents de l'histoire contemporaine. L'Exécution de G. Chaudey et de trois gendarmes publiée par E. M. [electronic resource]		Paris, 1885 (Saint-Quentin [printed])			CHAUDEY, Gustave.		lsidyv367b3e8c
002676216	*	no	no	014867345	|||	dan				Norway.	Norges Land og Folk, statistisk og topografisk beskrevet. [With maps and plates.] [electronic resource]		Kristiania, 1885, [1884], etc.					lsidyv36c6ab63 -- lsidyv36fea9d2
003042835	*	no	no	014867468	|||	dan			RASMUSSEN, Otto Frederik Christian.		Optegnelser om Gisselfeld. [electronic resource]		Nestved, 1868.					lsidyv36a4437f -- lsidyv36f55431
003067770	*	de	de	014867485	|||	dut			REINECKE, Wilhelm.		Geschichte der Stadt Cambrai bis zur Erteilung der Lex Godefridi, 1227. [electronic resource]		Marburg, 1896.					lsidyv36b960fe
003279373	*	de	de	014867579	|||	eng			SCHLAGINTWEIT, Robert von.		Neue Pfade vom Missouri-Strom zum Stillen Meere. Ein Wegweiser durch Kansas, Colorado, Neu-Mexiko u. Arizona nach Californien. [electronic resource]		Köln ; Leipzig, 1883.					lsidyv367b6ae0
003809103	*	uk	uk	014867838	|||	rus			VOEIKOV, Leonid.		Сборникъ матеріаловъ для описанія Тамбовской губерніи.. [electronic resource]		С.-Петербургъ, 1872.					lsidyv36a99482
000032265	*	fi	fi	014871092	|||	swe			AHLQVIST, August Engelbrekt.		Muistelmia matkoilta Wenäjällä wuosina 1854-1858. [electronic resource]		Helsingissä, 1859.					lsidyv36f67685
000094584	*	sv	sv	014871121	|||	ger			ANTILITHANDER, E. N., pseud. [i.e. Alfred Sandahl.]		Stockholm om hundra år härefter ... Framtidsdröm upptecknad af E. N. Antilithander. [electronic resource]		Stockholm, 1890.					YF.2009.a.2107
000151123	*	fr	fr	014871144	|||	spa			AVENEL, Henri.		L'Amérique latine, avec un exposé préliminaire des relations ... du commerce français dans cette contrée. [electronic resource]		Paris, 1892.					lsidyv3736f3ab
000196291	*	pt	pt	014871172	|||	spa			BARBOSA RODRIGUES, João.		Rio Jauapery. Pacificação dos Crichanás. [electronic resource]		Rio de Janeiro, 1885.					lsidyv37420cd7
000362761	*	da	da	014871250	|||	swe			BJERKNES, Carl Anton.		Niels Henrik Abel. En skildring af hans liv og videnskabelige virksomhed ... Fölgeskrift til “Nordisk tidskrift för vetenskap, konst och industri, etc.”. [electronic resource]		Stockholm, 1880.			ABEL, Niels Henrik.		lsidyv36f703a4
000426487	*	da	da	014871280	|||	dut			BOTH, Ludvig Frederik.		Natur og Folkeliv i Danmark ... Med Illustrationer. [electronic resource]		Kjøbenhavn, 1875, 76.					lsidyv36f9a357
000434031	*	fr	fr	014871287	|||	eng			Bourget, Paul, 1852-1935.		Sensations de Nouvelle-France ... Fragments imaginaires d'un ouvrage de Paul Bourget recueillis et publiés par l'un de ses fervents disciples d'Amérique. (Pour faire suite à Outre-Mer.). [electronic resource]		Boston, 1895.			Bourget, Paul, 1852-1935.		lsidyv371655be
000460703	*	pt	pt	014871303	|||	spa				Comissão de Estudos da Estrada de Ferro do Madeira e Mamoré (BRAZIL)	Do Rio de Janeiro ao Amazonas e Alto Madeira. Itinerario e trabalhos da Commissão de Estudos da Estrada de Ferro do Madeira e Mamoré. Impressões de viagem por um dos da mesma commissão [i.e. Ernesto Mattoso Maia Forte]. [electronic resource]		Rio de Janeiro, 1885.			MAIA FORTE, Ernesto Mattoso.		lsidyv37383111 -- lsidyv2b20694d
001053422	*	unk	unk	014871641	|||	eng					"[An Elegy written in an Empty Assembly-Room ... The second edition. [A parody of Pope's Eloisa to Abelard."" By Richard O. Cambridge.]] [electronic resource]"""	Third edition.	London, 1756.			CAMBRIDGE, Richard Owen. -- Pope, Alexander, 1688-1744		lsidyv3706a2b7
001103787	*	unk	unk	014871659	|||	eng				Great Britain. Commissioners appointed to inquire into the conduct of Caroline, Princess of Wales.	"[The Book!"" or, the Proceedings and correspondence upon the subject of the inquiry into the conduct of Her Royal Highness the Princess of Wales ... To which is prefixed a Narrative of the recent events that have led to the publication of the original documents. With a statement of facts relative to the child, now under the protection of Her Royal Highness. [With an appendix of documents, depositions, etc.]] [electronic resource]"""	[Another edition.] The Genuine Book ... Superintended through the press by the Right Hon. Spencer Perceval.	London : M. Jones, 1813.					lsidyv373c6f9f
001789179	*	sv	sv	014872023	|||	fin			IGNATIUS, Carl Emil Ferdinand.		Finlands Geografi ... Allmänn öfverblick af land och folk, med kartor, etc. [electronic resource]		Helsingfors, 1881-90.					lsidyv36fef805
001841105	*	no	no	014872045	|||	dan			JÆGER, Henrik Bernhard.		[Bergen og Bergenserne.] [electronic resource]	[Another edition.] Bergen og Bergenserne.	Bergen, 1889.					lsidyv370289a8
001892037	*	lt	lt	014872066	|||	cze			JONAS, Jr., pseud. [i.e. Jonas Żilius.]		Lietuviai Amerikoj. [electronic resource]		Plymouth, Pa. : Spaustuvej “S.L.A.”, 1899.					lsidyv3703e9ad
002089486	*	da	da	014872176	|||	swe			LAURITSEN, J.		Odense og nærmeste Omegn i Billeder, og med historisk beskrivende Text ... af J. L. [electronic resource]		Odense, 1874.					lsidyv36cbd677
002097772	*	uk	uk	014872178	|||	rus			LAZAREVSKY, Aleksandr Matveevich.		Описаніе старой Малороссіи. Матеріалы для исторіи заселенія, землевладѣнія и управленія. том. 1, вып. 1. том. 2, 3.. [electronic resource]		Кіевъ, 1888-1903.					lsidyv36fd8b71 -- lsidyv36fd994e -- lsidyv36fdaf50
002388782	*	fr	fr	014872310	|||	eng			MARQUAND, Henri E.		Souvenirs des Indes occidentales, et impressions intimes; suivis de Eliza et Maria. [electronic resource]		Londres, 1853.					lsidyv37147322
002787574	*	pt	pt	014872549	|||	spa			PASCUAL, Antonio D. de.		Ensajo critico sobre a viagem ao Brasil em 1852 de C. B. Mansfield. [electronic resource]		Rio de Janeiro, 1861, 62.			MANSFIELD, Charles Blachford.		lsidyv373ed52b
002820641	*	pt	pt	014872575	|||	spa			PEREIRA DE VASCONCELLOS, José Marcellino.		Selecta Brasiliense: ou noticias, descobertas ... e curiosidades em relação aos homems, á historia, e cousas do Brasil. [electronic resource]		Rio de Janeiro, 1868.					lsidyv3737150d
002830716	*	uk	uk	014872576	|||	rus					Буковинська Русь. Культурно-історичний образок. Написав ... Ст. Смаль-Стоцкий.. [electronic resource]		Чернівцї, 1897.		Periodical publications.- Czernowitz	SMAL'-STOTS'KY, Stefan.		lsidyv36fc619f
002982445	*	en	en	014872624	|||	fre			PREMIUM, Barton, pseud.		Eight Years in British Guina, being the journal of a residence in that province from 1840 to 1848, inclusive. With anecdotes and incidents illustrating the social condition of its inhabitants, and the opinions of the writer on the state and prospects of our Sugar Colonies generally, etc. By Barton Premium, a planter of the Province. Edited by his friend. [electronic resource]		London, Liverpool, 1850.					lsidyv37366759
003107316	*	pt	pt	014872693	|||	spa				Sociedade de Geographia (RIO DE JANEIRO)	Catalogo da Exposição de Geographia Sul-Americana, realizada pela Sociedade ... 1889. [electronic resource]		Brazil, 1891.					lsidyv373feb9f
003153101	*	da	da	014872717	|||	swe			ROMIN, Karl.		Wisby. 30 Bilder af K. Romin, med kortfattad text af C. J. Bergman. [With a plan.] [electronic resource]		Stockholm, 1891.			BERGMAN, Carl Johan, of Visby.		lsidyv36f480a7
003449762	*	pt	pt	014872877	|||	spa			SOUZA, Francisco Bernardino de.		Lembranças e Curiosidades do Valle do Amazonas. [electronic resource]		Pará, 1873.					lsidyv370bfb70
000417819	*	pt	pt	014879530	|||	spa			BORJA CASTRO, Doutor em Mathematicas.		Descripção do Porto do Rio de Janeiro e das obras de doca d'Alfandega. [electronic resource]		Rio de Janeiro, 1877.					lsidyv37560e41
000599051	*	it	it	014879580	|||	spa			CAPELLINI, Giovanni.		Ricordi di un viaggio scientifico nell'America settentrionale nel MDCCCLXIII ... Con mappa, tavole e figure. [electronic resource]		Bologna, 1867.					lsidyv2b209bd4
000752676	*	it	it	014879618	|||	eng			Columbus, Christopher.		III. Congresso Geografico Internazionale in Venezia. Lettera inedita di Cristoforo Colombo ai Signori Uenitiani. [Dated: 1 Aug. 1492. Edited with a preface by Giuseppe M. Urbani de Gheltof.] [electronic resource]		Venezia, 1881.					lsidyv303433c0
000822593	*	unk	unk	014879635	|||	eng			Croker, John Wilson, 1780-1857.		[[A Sketch of the State of Ireland, Past and Present.] [Fourth edition, with additions.]] [electronic resource]	Eighth edition. MS. notes.	1822.					lsidyv375756ff
001006516	*	de	de	014879683	|||	eng			DUNCKER, Maximilian Wolfgang.		[Geschichte des Alterthums.] [electronic resource]	Zweite verbesserte und vermehrte Auflage. Bd. 1-3.	Berlin ; Halle, 1855-56.					lsidyv2b131133 -- lsidyv2b1272bc
001163111	*	pt	pt	014879720	|||	spa			ESCRAGNOLLE TAUNAY, Alfredo d', Viscount.		A Cidade de Matto-Grosso ... Estudo historico. [electronic resource]		Rio de Janeiro, 1891.					lsidyv2c3e9158
001223689	*	pt	pt	014879729	|||	spa			FERREIRA MOUTINHO, Joaquim.		Noticia sobre a Provincia de Matto Grosso seguida d'um roteiro da viagem da sua Capital (Cuyaba) a S. Paulo. [With lithographs.] [electronic resource]		S. Paulo, 1869.					lsidyv302cad09
001223724	*	pt	pt	014879730	|||	spa			FERREIRA SOARES, Sebastião.		Historico da Companhia Industrial da Estrada de Mangaratiba, e analyse critica e economica des negocios desta Companhia. [electronic resource]		Rio de Janeiro, 1861.					lsidyv2b20ba59
002453553	*	pt	pt	014880030	|||	spa			MELLO FRANCO, Virgilio M. de.		Viagens pelo interior de Minas Geraes e Goyaz. [electronic resource]		Rio de Janeiro, 1888.					lsidyv2c25a15b
002564453	*	en	en	014880064	|||	fre			MOSES, Myer.		Full Annals of the Revolution in France, 1830. To which is added, a full account of the celebration of said revolution in ... New York, ... 25 Nov. 1830. [electronic resource]		New York, 1830.					lsidyv315b6006
002999716	*	pt	pt	014880186	|||	fre			PROUVENSAL DE SAINT-HILAIRE, Augustin François César.		Voyage à Rio-Grande do Sul, Brésil. [Edited by R. de Dreuzy.] [electronic resource]		Orléans, 1887.			DREUZY, R. de.		lsidyv32bee0aa
003265538	*	it	it	014880277	|||	spa			SCARDIN, Francesco.		Vita Italiana nell'Argentina. Impressioni e note. [electronic resource]		Buenos Aires, 1899.					lsidyv2b27f8eb
003759812	*	pt	pt	014880410	|||	spa			Varnhagen, Francisco Adolfo de, Visconde de Porto Seguro, 1816-1878.		Os Indios bravos e o Sr. Lisboa, Timon 3º. pelo autor da “Historia Geral do Brazil” (F. A. de V.) ... Em parte gora de novo reimpresa. [electronic resource]		Lima, 1867.			LISBOA, João Francisco.		lsidyv3027d8b4
000052370	*	en	en	014885056	|||	fre			ALISON, Archibald, Sir, 1st Bart.		Atlas to accompany Alison's History of Europe. Constructed and arranged under the direction of Mr. A. K. Johnston, etc. [With supplement.] [electronic resource]		Edinburgh ; London : W. Blackwood & Sons, 1848, 50.			JOHNSTON, Alexander Keith, the Elder.		lsidyv376442f5 -- lsidyv2b177c51
000732503	*	fr	fr	014885193	|||	eng			COCHRANE, Alexander Dundas Ross, afterwards COCHRANE-WISHART-BAILLIE (Alexander Dundas Ross) Baron Lamington.		Historic Châteaux: Blois, Fontainebleau, Vincennes. [electronic resource]		London : Hurst & Blackett, 1877 [1876]					lsidyv3776f9cd
000934459	*	unk	unk	014885230	|||	eng			DICKSON, William Steel.		"[A Narrative of the Confinement and Exile of William Steel Dickson, D.D. ... To which is annexed, an account of an assault committed on the author, September 9th., 1811, on his return from the Catholic Meeting in the city of Armagh; with a sketch of proceedings consequent thereon. [With an appendix: Three sermons on the subject of scripture politics.""]] [electronic resource]"""	Second edition.	Dublin : The Author, 1812.					lsidyv3183c59f
001225526	*	fr	fr	014885306	|||	eng			FERVEL, J. Napoléon.		[Campagnes de la Révolution Française dans les Pyrénées Orientales 1793-1794-1795.] [electronic resource]	Deuxième édition, augmentée d'un Atlas de 15 planches.	Paris, 1861.					lsidyv3784be96
001981337	*	da	da	014885459	|||	swe			KLEEN, Victor.		Kommunen. Insurrektionen i Paris 1871, af V. K. [continued and edited by G. Kleen.] [electronic resource]		Stockholm, 1876.			KLEEN, Gustaf.		lsidyv3782c604
002082114	*	da	da	014885480	|||	ger			LASSEN, Albert Peter.		Lærebog i Verdenshistorien til Brug for Latin- og Realskoler, etc. [electronic resource]		Christiania, 1850.					lsidyv2b1b9bf1 -- lsidyv2b1bc247
002284286	*	nl	nl	014885520	|||	ger			LUMPER, Gottfried.		De St. Bartholomæus-Nacht voor drie hondred jaren. [electronic resource]		Utrecht, 1872.					lsidyv2b18a798
002999422	*	fr	fr	014885644	|||	eng			PROUST, Antonin.		Archives de l'Ouest, 1789. (Recueil de documents concernant l'histoire de la Révolution.). [electronic resource]		Paris, [1867-69]	[Série A. Opérations électorales de 1789. no. 1-5.]				lsidyv377d20d1 -- lsidyv377cf5ce -- lsidyv377d13de -- lsidyv3786a69c -- lsidyv377ceed5
003060115	*	en	en	014885652	|||	fre			REEVE, Henry, C.B.		Royal and Republican France. A series of essays reprinted from the “Edinburgh” “Quarterly,” and “British and Foreign” Reviews. [electronic resource]		London, 1872.					lsidyv37816556 -- lsidyv37814a2f
003384310	*	es	es	014885710	|||	ita			SILVA, Manuel Maria, and DOMINGUEZ (Rafael)		Compendio de historia universal que comprende los principales acontecimientos del mundo, desde la Creacion hasta nuestros dias, etc. tom. 1. [electronic resource]		Valencia, 1854.			DOMINGUEZ, Rafael.		lsidyv3767e870
003390754	*	de	de	014885714	|||	dut			Simons, Pieter.		Historische Verhandlingen. [electronic resource]		Amsterdam, 1830.					lsidyv32d935e4
000093565	*	en	en	014890950	|||	fre			ANTEPARA, José María.		South American Emancipation. Documents shewing the designs which have been in progress and the exertions made by General Miranda for the South American Emancipation, during the last twenty-five years. [With a portrait of Miranda, and a plan.] [electronic resource]		London : J. Richardson; L. N. Pannier, 1810.			Miranda, Francisco de, 1750-1816. -- MIRANDA, Francisco de, Jesuit.		lsidyv37beaf62
000474877	*	en	en	014891045	|||	fre			BRINK, Jan ten, Professor at the University of Leyden.		[Parijs tijdens de Roode Terreur.] Robespierre and the Red Terror. From the Dutch ... by J. Hedeman. With 16 illustrations. [electronic resource]		London : Hutchinson & Co., 1899.			HEDEMAN, Jules. -- Robespierre, Maximilien, 1758-1794.		lsidyv37b9eb91
000723567	*	en	en	014891109	|||	fre			Tocqueville, Alexis de, 1805-1859.		[On the State of Society in France before the Revolution of 1789; and on the courses which led to that event ... Translated by Henry Reeve.] [electronic resource]	Second edition, with seven additional chapters.	London : John Murray, 1873.					lsidyv37c35458
000797817	*	en	en	014891123	|||	fre			COUBERTIN, Pierre de, Baron.		[The Evolution of France under the Third Republic ... Translated from the French by Isabel F. Hapgood. Authorized edition with special preface and additions, and introdtion by Dr. Albert Shaw. [With plates.]] [electronic resource]		London : James Bowden, 1898.			HAPGOOD, Isabel Florence. -- SHAW, Albert.		lsidyv37b70529
001207339	*	fr	fr	014891206	|||	ger			FAVRE, Édouard.		La Confédération des huit Cantons. Etude historique sur la Suisse au XIVe siècle. [electronic resource]		Leipzig, 1879.					lsidyv37a5d45a
002134182	*	de	de	014891431	|||	dut			LEO, Heinrich.		Zwölf Bücher niederländischer Geschichten. Erster Thl. Die Geschichte der einzelnen niederländischen Landschaften bis zu der Herrschaft des Hauses Burgund. (Zweiter Thl. Die Geschichte der Niederlande vom Beginn der Herrschaft des Hauses Burgund bis 1830.). [electronic resource]		Halle, 1832-35.					lsidyv3dfae730 -- lsidyv3dfa0594
003560097	*	en	en	014891733	|||	fre				Switzerland.	Mountain Warfare illustrated by the Campaign of 1799 in S. Being a translation of the Swiss Narrative, compiled from the works of the Archduke Charles, Jomini, and others: also of notes by General H. Dufour, on the Campaign in the Valtelline in 1635. By Major-General Shadwell ... With nine maps. [electronic resource]		London, 1875.			JOMINI, Antoine Henri de, Baron. -- SHADWELL, Lawrence.		lsidyv37b9545e
003613005	*	en	en	014891751	|||	fre			THIERS, Louis Adolphe, President of the French Republic.		[The Campaigns of Napoleon: Arcola, Marengo, Jena, Waterloo ... extracted from Thiers's History of the Consulate and the Empire; and edited, with English notes by E. E. Bowen ... With maps. Fr.] [electronic resource]	[Another edition of the Campaign of Waterloo.]	London : Rivingtons, 1885.					lsidyv37c062d8
003819631	*	fr	fr	014891799	|||	ger			VREEDE, George Willem.		La Souabe après la paix de Bâle. Recueil de documents diplomatiques et parlementaires concernant les négociations avec la République Française, et la lutte des États de Wurtemberg contre Frédéric II., dernier Duc-Électeur, 1795-1805. Publié avec plusieurs dépêches antérieures de Charles-Eugène, etc. [electronic resource]		Utrecht, 1879.					lsidyv3796e6b6
000213234	*	no	no	014896036	|||	dan			BARSTAD, Hans Jacob.		Bergens Forsvar 1801 og 1807-1814 ... Med Kart over Bergen i 1801. [electronic resource]		Bergen, 1887.					lsidyv3801e0c0
000386896	*	de	de	014896093	|||	lat			BOČEK, Antonín.		Codex diplomaticus et epistolaris Moraviae. Studio et opera Antonii Boczek. (tom. 5 edidit Josefus Chytil.-Bd. 6, Bd. 7. Abt. 1, 2. herausgegeben von P. Ritter von Chlumecky und redigirt von Joseph Chytil.-Bd. 7. Abt. 3: Bd. 10-13 herausgegeben von Vincenz Brandl.-Bd. 14, 15 herausgegeben von Berthold Bretholz.) tom. 1-5. Bd. 6-15. [electronic resource]		Olomucci, 1836-1903.			BRANDL, Vincenc. -- BRETHOLZ, Bertold. -- CHLUMECKÝ, Peter von. -- Chytil, Josef.	MORAVIA. Sněm. Zemský Výbor Markrabství Moravského.	lsidyv3811d2af -- lsidyv3811dc30 -- lsidyv37f7b72a -- lsidyv3812190e -- lsidyv38120ced -- lsidyv3e4afdaf -- lsidyv3811c944 -- lsidyv2cb8aab6
000395302	*	de	de	014896099	|||	hun				BOHEMIA. Královský Český Archiv Zemský.	Die Böhmischen Landtagsverhandlungen und Landtagsbeschlüsse, vom Jahre 1526 an bis auf der Neuzeit. [Edited by A. Gindely and F. Dvorský. The editorial apparatus in German.] Bd. 1-11. Tl. 1. [1526-1605.] [electronic resource]		Prag, 1877-1910.			DVORSKÝ, František. -- GINDELY, Anton. -- KROFTA, Kamil.	BOHEMIA. Sněm.	lsidyv38282566 -- lsidyv37ed4d8d -- lsidyv37ece7a8 -- lsidyv3e213a7f -- lsidyv37ecfa39 -- lsidyv37ecc537 -- lsidyv37ec9afb -- lsidyv37ed1f70 -- lsidyv380f9e6a -- lsidyv380f8a09
000456175	*	en	en	014896128	|||	dan			BRASCH, Christian Henrik.		Om Robert Molesworth's Skrift “An Account of Denmark as it was in the year 1692.”. [electronic resource]		Kjøbenhavn, 1879.			MOLESWORTH, Robert, Viscount Molesworth.		lsidyv38013ca2
000786919	*	it	it	014896195	|||	hun			CORNARO, Federico.		Avvisi del cavaliere Federico Cornaro, ambasciatore veneto, circa l'assedio e la presa della fortezza di Buda nell'anno 1686. Con traduzione ungherese ed introduzione storica da Sigismondo Bubics. (Cornaro Frigyes velenczei követ Jelentései, etc.) [With plates, including portraits.] Ital. & Hung. [electronic resource]		Budapest, 1891.			BUBICS, Zsigmond, Bishop of Kaschau.		lsidyv37d2f1a9
001327596	*	da	da	014896352	|||	swe			FRIDERICIA, Julius Albert.		Danmarks ydre politiske Historie i Tiden fra Freden i Sybek til Freden i Kjøbenhavn, 1629-1660. [electronic resource]		Kjøbenhavn, 1876-81.					lsidyv37e6655a
001635623	*	af	af	014896461	|||	dut			HEERDE, J. van, and RAHMS (E. C.)		Gedenkboek van Oudewater's beleg en moord in 1575. [electronic resource]		Oudewater, [1876]			RAHMS, E. C.		lsidyv37f390f3
001761170	*	en	en	014896517	|||	fre			Hugo, Victor, 1802-1885		Things Seen. [Translated from the French.] [electronic resource]		London : G. Routledge & Sons, 1887.					lsidyv37cc62a0 -- lsidyv3806f1cb
001980287	*	en	en	014896616	|||	ger			KLAPKA, György, General.		Memoiren ... April bis October 1849. Original Ausgabe. [electronic resource]		Leipzig, 1850.					lsidyv37eb9cba
002478075	*	fr	fr	014896746	|||	ger			MEYER, Johann Jacob, of Strasburg.		La Chronique Strasbourgeoise de Jean-Jacques Meyer, l'un des continuateurs de Jaques de Kœnigshoven. Publiée pour la première fois ... par Rodolphe Reuss. Ger. [electronic resource]		Strasbourg, 1873.			REUSS, Rudolf.		lsidyv37f269a7
002582237	*	da	da	014896784	|||	ger			MUMME, Hans Peter.		Begivenhederne i Fyen under de franske og spanske Troppers Ophold her i Landet i Aaret 1808. [electronic resource]		Odense, 1848.					lsidyv3801f7a8
002582545	*	id	id	014896785	|||	dan			Munch, P. A. (Peter Andreas), 1810-1863.		[Norges Konge-Sagaer fra de ældste Tider indtil anden Halvdeel af det 13de Aarhundrede ... forfattede af Snorre Sturlassøn, Sturlu Thordssøn og flere, og oversatte af P. A. M. [and O. Rygh.] Dan. [electronic resource]		[Christiania, 1859-71]					lsidyv38015006
002883214	*	de	de	014896855	|||	hun			Pesty, Frigyes, 1823-1889.		Die Entstehung Croatiens. Aus dem ungarischen Manuscripte des F. Pesty. Separatabdruck aus der “Ungarischen Revue,” 1882. [electronic resource]		Budapest, 1882.					lsidyv37d27ff2
003254564	*	sk	sk	014896981	|||	cze			SASINEK, Franko Vít'azoslav.		Dejiny pročiatkov terajšieho Uhorska. [electronic resource]		v Skalici, 1867.					lsidyv37cf2621
003413394	*	en	en	014897038	|||	fre			SMITH, Arthur Jamson.		French Revolution Readings. Edited by A. J. Smith ... With exercises for composition by C. M. Dix. [electronic resource]		London : E. Arnold, 1891.			DIX, Cornelius Malpas.		lsidyv37cbd6ca
003443567	*	no	no	014897047	|||	dan			SÖRENSEN, Carl Theodor von.		Kampen om Norge i Aarene 1813 og 1814, etc. [electronic resource]		Kjøbenhavn, 1871.					lsidyv384cbfc3 -- lsidyv37e55847
003564104	*	af	af	014897075	|||	dut			SYPESTEYN, Cornelis Ascanius van.		Het merkwaardig beleg van Ostende 5 Juli 1601-22 September 1604. [electronic resource]		's-Gravenhage, 1887.					lsidyv37f406eb
003707439	*	da	da	014897136	|||	ice			Unger, C. R. (Carl Rikard), 1817-1897.		Codex Frisianus [Arna-Magnæan MS. No. 45. fol.]. En Samling af norske Konge-Sagaer. [The Icelandic text.] Udgiven efter offentlig Foranstaltning (ved C. R. Unger). [electronic resource]		Christiania, 1871[-69]					lsidyv38018203
003877730	*	de	de	014897200	|||	dan			WEIDLING, Julius.		Schwedische Geschichte im Zeitalter der Reformation. [electronic resource]		Gotha, 1882.					lsidyv37e5013f
003986998	*	nl	nl	014897239	|||	fre			WÜPPERMANN, Willem Ernst August.		De Geschiedenis van den Tiendaagschen Veldtocht in Augustus 1831. [electronic resource]		's Gravenhage, 1881.					lsidyv37ff2c97
000311777	*	de	de	014905152	|||	lat			BIANCHI, Giuseppe, Prefetto del Ginnasio Communale di Udine.		Documenta historia Forojuliensis saeculi XIII. et XIV. ab anno 1300 ad 1333, etc. [An extract covering the years 1300-1313.] (Aus dem XXXI. Bande des ... Archivs für Kunde österreichischer Geschichtsquellen besonders abgedruckt.). [electronic resource]		Wien, 1864.					lsidyv38248f13
001504037	*	no	no	014905242	|||	dan			GREGERSEN, Niels Jörgen.		Foredrag over Norges Historie i 1814, etc. [electronic resource]		Trondhjem, 1889.					lsidyv381818b2
002366017	*	no	no	014905343	|||	swe			MANKELL, Julius.		Fälttåget i Norge år 1814. Kritisk belysning ... Med Karta öfver Krigsskådeplatsen. [electronic resource]		Stockholm, 1887 (Upsala [printed])					lsidyv3817f4e0
002706777	*	sv	sv	014905387	|||	dan			OLMER, Emil.		Konflikten mellan Danmark och Holstein-Gottorp 1695-1700, med särskildt afseende fäst vid Sveriges förhållande till densamma, etc. [electronic resource]		Göteborg, 1898.					lsidyv38172c62
002709671	*	de	de	014905388	|||	hun			ONCIUL, Dimitre.		Zur Geschichte der Bukowina. pt. 1. [electronic resource]		Czernowitz, 1887.					lsidyv38275076
003828499	*	da	da	014905521	|||	swe			WAGNER, S., Swedish Historian.		Skånska Kommissionen af 1669-1670, etc. (Bilagvr.). [electronic resource]		Lund, 1886.					lsidyv3817f939
000218643	*	uk	uk	014919147	|||	rus			BARVINS'KY, Oleksander Grigor'evich.		Руска исторична бібліотека. Подъ редакцією О. Барвѣньского. [vol. 7, 8, 1899, 1900, and vol. 16-24, 1894-1904, were issued by the Societas Scientiarum Ševčenkiana, from Leopol.] том. 3-8, 10-24. [electronic resource]		въ Тернополи, 1886-1904.				Societas Scientiarum Ševčenkiana (LEOPOL)	lsidyv38550008 -- lsidyv38551759 -- lsidyv38553a1b -- lsidyv381fef88 -- lsidyv3820527f -- lsidyv381f7766 -- lsidyv38201771 -- lsidyv38201f44 -- lsidyv38200d3c -- lsidyv381fe5fb
000521745	*	de	de	014919169	|||	dan			BUERSTER, Sebastian.		Sebastian Bürster's Beschreibung des Schwedischen Krieges 1630-1647. Nach der Original-Handschrift ... herausgegeben von Dr. Friedrich von Weech. [electronic resource]		Leipzig, 1875.			WEECH, Friedrich Otto Aristides von.		lsidyv38517307
000608524	*	da	da	014919178	|||	swe			CARLSON, Fredrik Ferdinand.		Sveriges historia under konungarne af pfalziska huset. (Dl. 8 af Ernst Carlson [edited by J. T. Westrin].). [electronic resource]		Stockholm, 1855-1910.			CARLSON, Carl Fredrik Ernst. -- WESTRIN, Johan Theodor.		lsidyv38521fc6 -- lsidyv385257b5 -- lsidyv38524abe -- lsidyv38a46454 -- lsidyv381b18dd -- lsidyv381b23a2 -- lsidyv381b2cdb -- lsidyv381b3bf2
001050452	*	et	et	014919202	|||	fin			EISEN, Mathias Johann.		Eesti, Liiwi ja Kuura maa ajalugu. Muistsest ajast meie ajani, etc. [electronic resource]		Tartus, 1877.					lsidyv3853cc98
002034071	*	uk	uk	014919283	|||	rus			KULZHINSKY, Ivan.		Исторія Польши.. [electronic resource]		Кіевъ, 1864.					lsidyv3854ca77
002519353	*	de	de	014919321	|||	dan			MOLBECH, Christian.		Das Herzogthum Schleswig in seinen geschichtlichen Verhältnissen zum Königreiche Dänemark, und zu Holstein. Übersetzt, mit einigen Zusätzen und Verbesserungen des Verfassers, von T. Schorn. [electronic resource]		Kopenhagen, 1846.			SCHORN, Peter Theodor.		lsidyv384e5806
003079249	*	sv	sv	014919375	|||	dan			REUTERSKIÖLD, Carl Ludvig August Axel.		Till belysning af den Svensk-Norska Unionsförfattningen och dess tidigare utvecklingshistoria, etc. [electronic resource]		Stockholm, 1893.					lsidyv384cfb74
003344208	*	en	en	014919404	|||	swe			SETTERWALL, Nils Kristian.		Förteckning öfver Acta Svecica i Calendars of State Papers. (“A Collection of the State Papers of John Thurloe.”). [electronic resource]		Stockholm, 1889, 90.			THURLOE, John.	England.	lsidyv3852ba84
003551829	*	da	da	014919431	|||	swe			SWART, Peder, Bishop of Westerås.		Gustaf I.s Krönika. Fragment slutande med år 1533. Efter en originalhandskrift utgifven af G. E. Klemming. [electronic resource]		Stockholm, 1870.			KLEMMING, Gustaf Edvard. -- Gustav I Vasa, King of Sweden, 1496-1560		lsidyv3852b221
003555840	*	en	en	014919434	|||	swe			SWEDERUS, Georg.		Expeditionen till Westerbotten 1809. [electronic resource]		Stockholm, 1871.					lsidyv3851ee61
003598168	*	da	da	014919441	|||	swe			TENGBERG, Niklas August.		Konung Gustaf III.'s första regeringstid till och med 1772 ärs statshvälfning. Fragment af Gustaf III.'s historia af N. Tengberg. Utgifvet af C. T. Odhner. [electronic resource]		Lund, 1871.					lsidyv3852b6ce
001422579	*	uk	uk	014939519	|||	rus			GILFERDING, Aleksandr Theodorovich.		Исторія Балтійскихъ Славянъ. Том. 1.. [electronic resource]		Москва, 1855.					lsidyv38589a55
002097523	*	hu	hu	014939674	|||	cze			LÁZÁR, Gyula.		Az orosz birodalom történelme. [electronic resource]		Temesvár, 1890, 91.					lsidyv385bd095 -- lsidyv388c4846 -- lsidyv38b02d73 -- lsidyv38840266
002157987	*	cy	cy	014939685	|||	gle			LEWIS, Titus.		Hanes Prydain Fawr, yn wladol a chrefyddol ... Wedi ei ddiwygio a'i helaethu gan John Emlyn Jones, etc. [electronic resource]		Caerfyrddin : William M. Evans, 1855, 56.			JONES, John Emlyn.		lsidyv387008f3
002385107	*	uk	uk	014939723	|||	rus			MARKEVICH, Nikolai Andreevich.		Исторія Малороссіи.. [electronic resource]		5 том. Москва, 1842, 43.		Ukraine History.			lsidyv385a8cd0 -- lsidyv385a96bf -- lsidyv385a8442 -- lsidyv38bc9095 -- lsidyv385aa9c7
002942808	*	uk	uk	014939824	|||	rus			POGODIN, Mikhail Petrovich.		Норманскій періодъ Русской исторіи.. [electronic resource]		Москва, 1859.					lsidyv3858a28f
003180397	*	uk	uk	014939881	|||	rus			ROZANOV, Nikolai.		Исторія Московскаго Епархіальнаго Управленія со времени учрежденія Св. Синода 1721-1821. (Примѣчанія.). [electronic resource]		3 част. Москва, 1869-71.					lsidyv3e42f393
003205076	*	bg	bg	014939887	|||	rus				Russia.	Документи изъ секретнитѣ архиви на русското правителство. Политиката на Руссия къмъ България отъ осводождението до села. [With an introduction in Bulgarian by D. Petkov.] Russ. [electronic resource]		София, 1893.			PETKOV, Dobri.		lsidyv385837c8
003308786	*	sv	sv	014939908	|||	fin			SCHYBERGSON, Magnus Gottfrid.		Bidrag till Finlands inre historia åren 1721-1731. [electronic resource]		Helsingfors, 1875.					lsidyv3859e38e
003770561	*	uk	uk	014940022	|||	rus			VENELIN, Yury Ivanovich.		Скандинавоманія и ея поклонники, или столѣтнія изысканія о Варягахъ, etc. [electronic resource]		Москва, 1842.					lsidyv3866a1cb
003799811	*	uk	uk	014940027	|||	rus			VINOGRADOV, Pavel Gavriilovich, Sir.		Изслѣдованія по соціальной исторіи Англіи въ средніе вѣка.. [electronic resource]		С.-Петербургъ, 1887.					lsidyv3871ab20
004011538	*	uk	uk	014940084	|||	rus			ZANEVICH, Ivan.		Знесенє панщини в Галичині. Причинок до історіі суспільного житя і суспільних поглядів, 1830-1848 рр. (Перша половина.). [electronic resource]		Львів, 1895 [1896]					lsidyv385ea5c2
001702929	*	de	de	015106036	|||	rus			HOENEKE, Bartolomäus.		Die jüngere Livländische Reimchronik des B. H. 1315-1348. [Edited with an introduction and notes] von ... K. Höhlbaum. [electronic resource]		Leipzig, 1872.			HOEHLBAUM, Constantin.		lsidyv3896e913
001926207	*	de	de	015106065	|||	dut			KANTER, Johan de.		De Franschen in Walcheren. [electronic resource]		Middelburg, 1814.					lsidyv38965b7b
003987060	*	nl	nl	015106339	|||	ger			WURM, Christian Friedrich.		Niederland und Venedig. Nederland en Venetie, door Mr. J. C. de Jonge ... 's Gravenhage 1852. [A review.] [electronic resource]		[Brunswick, 1853]			JONGE, Johannes Cornelis de.		lsidyv38964f60
003995356	*	uk	uk	015106341	|||	rus			YASINSKY, Anton Nikitich.		Сочиненія Князя Курбскаго, какъ историческій матеріалъ.. [electronic resource]		pp. 215. въ Москвѣ, 1889.			KURBSKY, Andrei Mikhailovich, Prince.		lsidyv3883f2ad
001060315	*	cy	cy	015111147	|||	gle			ELLIS, Owen R.		Hanes Prydain Fawr: o'r cyfnod boreuaf hyd yr amser presenol, etc. [With plates.] [electronic resource]		London ; New York : London Printing & Publishing Co., [1875?]					lsidyv38b3973f -- lsidyv38a2bf81
000474770	*	da	da	015178025	|||	swe			BRINK, Carl Olof.		Historisk öfversigt af fängelse-systemerna samt svenska lagstiftningen rörande fängelserna. [electronic resource]		Stockholm, 1848.					lsidyv2c616640
000833687	*	unk	unk	015178088	|||	eng			CULLEN, Edward.		"[The Isthmus of Darien Ship Canal. (With maps.) [With an appendix consisting of a Vocabulary of Words in the Language of the Tule or Darien Indians"".]] [electronic resource]"""	[Another edition.] With a full history of the Scotch colony of Darien, several maps, views of the country, and original documents ... Second edition, much enlarged.	London : Effingham Wilson, 1853.					lsidyv2ae7aade
000925259	*	en	en	015178114	|||	fre			DEWAR, Daniel, Rev., LL.D.		Elements of Moral Philosophy, and of Christian Ethics. [electronic resource]		London : J. Duncan, 1826.					lsidyv2b0eadd0 -- lsidyv2ea7e8e1
002453583	*	pt	pt	015178302	|||	spa			MELLO MORAES, Alexandre José de, the Elder.		Brasil Historico. 2a serie-1867. tomo II. [electronic resource]		Rio de Janeiro, 1867.					lsidyv2b09e87c
002474033	*	es	es	015178306	|||	fre				Mexico.	Comunicacion oficial del Supremo Gobierno provisional de Méjico, dirigida al del Estado, y dictámen de la Comision especial, nombrada por la Cámara de diputados, contraido à la respuesta que debe dársele. [16 May, 1842.] [electronic resource]		Merida de Yucatan, 1842.					lsidyv2b0a2cf3
002514770	*	af	af	015178317	|||	dut			MODDERMAN, A. E. J.		[Straf-geen kwaad. Redevoering ...] [electronic resource]	[Another edition.]	Amsterdam, 1864.					lsidyv2c67cdf8
002545731	*	pt	pt	015178324	|||	spa			MOREIRA DE AZEVEDO, Manoel Duarte.		Rio da Prata e Paraguay. Quadros guerreiros. [electronic resource]		Rio de Janeiro, 1871.					lsidyv2b0d1b61
003003429	*	cy	cy	015178404	|||	gle			PRYSE, Robert John, called Gweirydd ap Rhys.		Hanes y Brytaniaid a'r Cymry. [electronic resource]		Llundain, [1873-76]					lsidyv2ae96699
003993232	*	uk	uk	015178554	|||	rus			YABLOCHKOV, Mikhail Tikhonovich.		Исторія Дворянскаго Сословія въ Россіи.. [electronic resource]		С.-Петербургъ, 1876.					lsidyv2b0dd9e4
002704511	*	pt	pt	015211040	|||	spa			OLIVEIRA LIMA, Manoel de.		Pernambuco. Seu desenvolvimento historico. [electronic resource]		Leipzig, 1895.					lsidyv2ccd58db
003475127	*	en	en	015264399	|||	lat			STALLBAUM, Johann Gottfried.		Diatribe in Platonis Politicum, etc. [electronic resource]		Lipsiae, [1840]			Plato		lsidyv2ea9b444
000052261	*	fr	fr	015742556	|||	eng			Alis, Harry, 1857-1895.		A la Conquête du Tchad. Avec 29 gravures, etc. [electronic resource]		Paris, 1891.					lsidyv35599f09
001791698	*	uk	uk	015742911	|||	rus			ILOVAISKY, Dmitry Ivanovich.		Исторія Россіи. том 1-5.. [electronic resource]		Москва, 1876-1905.					lsidyv381d9720 -- lsidyv381da85d -- lsidyv3e2d0aaf -- lsidyv381ceceb
002033705	*	uk	uk	015742930	|||	rus			KULISH, Panteleimon Aleksandrovich.		Исторія возсоединенія Руси. Част. 1-3.. [electronic resource]		С.-Петербургъ, 1874-77.					lsidyv381d7102 -- lsidyv381d5c1e -- lsidyv381d6595
002157988	*	cy	cy	015742937	|||	gle			LEWIS, Titus.		Hanes Prydain Fawr yn Wladol a Chrefyddol ... Wedi ei ddiwygio a'i helaethu gan John Emlyn Jones, etc. [With a portrait.] [electronic resource]		Caerfyrddin : W. Morgan Evans, 1857.			JONES, John Emlyn.		lsidyv3e4ffabe
003437575	*	uk	uk	015743100	|||	rus			SOLOV'EV, Sergei Mikhailovich, the Historian.		Исторія паденія Польши.. [electronic resource]		Москва, 1863.					lsidyv381e0c15
